<?xml version="1.0" encoding="UTF-8"?>
<project-private xmlns="http://www.netbeans.org/ns/project-private/1">
    <editor-bookmarks xmlns="http://www.netbeans.org/ns/editor-bookmarks/2" lastBookmarkId="0"/>
    <open-files xmlns="http://www.netbeans.org/ns/projectui-open-files/2">
        <group>
            <file>file:/E:/JSP/Loan%20Calculator1/web/header.html</file>
            <file>file:/E:/JSP/Loan%20Calculator1/web/compound.jsp</file>
            <file>file:/E:/JSP/Loan%20Calculator1/web/simple.jsp</file>
            <file>file:/E:/JSP/Loan%20Calculator1/web/controller.jsp</file>
            <file>file:/E:/JSP/Loan%20Calculator1/web/error.jsp</file>
            <file>file:/E:/JSP/Loan%20Calculator1/web/footer.jsp</file>
            <file>file:/E:/JSP/Loan%20Calculator1/web/index.jsp</file>
        </group>
    </open-files>
</project-private>
